"","Year","YearCode","Harvest","Location","Treatment","first_value","second_value","Crop1","Plot","Intercropped","Monocrop","IWG","ALF","NRate","Rep","Date","QLengthCM","QWidthCM","QAreaHa","RowSpacing","RowsSampled","QIWGForWetG","SIWGForWetG","SIWGDryG","IWGQual","IWGDM","PlotIWGDryG","PlotIWGDryKG","PlotIWGDryKgHa","QSpikeDryG","QThreshedGrainDryG","PlotThreshedGrainKgHa","QAlfForWetG","SAlfWetG","SAlfDryG","AlfQual","AlfDM","PlotAlfDryG","PlotAlfDryKG","PlotAlfDryKgHa","PlotTotForageKgHa","QWeedsWetG","QWeedsDryG","IWGHeight1","IWGHeight2","IWGHeight3","IWGHeight4","IWGHeight5","IWGHeight6","IWGHeight7","IWGHeight8","IWGHeight9","IWGHeight10","IWGHeightAvg","IWGLodgingScore0to9","ALFHeight1","ALFHeight2","ALFHeight3","ALFHeight4","ALFHeight5","ALFHeight6","ALFHeight7","ALFHeight8","ALFHeight9","ALFHeight10","ALFHeightAvg","ALFLodgingScore0to9","Weednotes","LodgingPercent","WinterSurvivalScore","TillerLength","HeadLength","IWGCounts","AlfalfaLength","CombineAreamM2","CombineAreaHa","IWGNIRDM","IWGCP","IWGADF","IWGaNDF","IWGAsh","IWGFAT","IWGLignin","IWGdNDF30","IWGIVTDMD30","IWGdNDF48","IWGIVTDMD48","IWGCa","IWGP","IWGK","IWGMg","IWGESC","IWGWSC","IWGStarch","ALFNIRDM","ALFCP","ALFADF","ALFaNDF","ALFAsh","ALFFAT","ALFLignin","ALFdNDF30","ALFIVTDMD30","ALFdNDF48","ALFIVTDMD48","ALFCa","ALFP","ALFK","ALFMg","ALFESC","ALFWSC","ALFStarch","image_sample_wt_g","hull_N","nkd_N","spklt_N","hull_F","nkd_F","spklt_F","hull_A","hull_A_SD","nkd_A","nkd_A_SD","spklt_A","spklt_A_SD","hull_C","hull_C_SD","nkd_C","nkd_C_SD","spklt_C","spklt_C_SD","hull_L","hull_L_SD","nkd_L","nkd_L_SD","spklt_L","spklt_L_SD","hull_W","hull_W_SD","nkd_W","nkd_W_SD","spklt_W","spklt_W_SD","X2023MNGrainDeHulledg","X2023MNThreshedhullyweight","X2023MNGrainDeHulledKgHa","C","CROP","V","N","P","hullNHd","NdkNHd","SpkltNHd","WhSamDH","G","GXAdj"
"1",2024,"Z","Fall","NY",15,"Shockwave",NA,"Shockwave",103,"","y","","y",0,"1","21-10-24",76.2,76.2,5.80644e-05,15,4,NA,NA,NA,NA,"",NA,NA,NA,NA,NA,NA,93,93,NA,NA,"0",NA,0,0,0,289,82.15,NA,NA,NA,NA,NA,NA,NA,NA,NA,NA,NA,NA,59,55,59,65,53,NA,NA,NA,NA,NA,58.2,5,"",NA,NA,NA,NA,NA,NA,NA,NA,NA,NA,NA,NA,NA,NA,NA,NA,NA,NA,NA,NA,NA,NA,NA,NA,NA,NA,NA,NA,NA,NA,NA,NA,NA,NA,NA,NA,NA,NA,NA,NA,NA,NA,NA,NA,NA,NA,NA,NA,NA,NA,NA,NA,NA,NA,NA,NA,NA,NA,NA,NA,NA,NA,NA,NA,NA,NA,NA,NA,NA,NA,NA,NA,NA,NA,NA,NA,NA,NA,"monoculture","monoA","Shockwave",0,"NY",NA,NA,NA,NA,NA,NA
"2",2024,"Z","Fall","NY",11,"Shockwave","IWG","Shockwave + IWG",106,"y","","y","y",40,"1","21-10-24",76.2,76.2,5.80644e-05,15,4,74,74,51.6,NA,"69.72972973",51.6,0.0516,888.668444,NA,NA,NA,103,103,61.1,NA,"59.32038835",61.1,0.0611,1052.279882,1940.948326,3,-0.15,32,33,35,30,30,NA,NA,NA,NA,NA,32,NA,53,46,50,63,55,NA,NA,NA,NA,NA,53.4,4,"",NA,NA,NA,NA,NA,NA,NA,NA,NA,NA,NA,NA,NA,NA,NA,NA,NA,NA,NA,NA,NA,NA,NA,NA,NA,NA,NA,NA,NA,NA,NA,NA,NA,NA,NA,NA,NA,NA,NA,NA,NA,NA,NA,NA,NA,NA,NA,NA,NA,NA,NA,NA,NA,NA,NA,NA,NA,NA,NA,NA,NA,NA,NA,NA,NA,NA,NA,NA,NA,NA,NA,NA,NA,NA,NA,NA,NA,NA,"intercrop","inter","Shockwave",40,"NY",NA,NA,NA,NA,NA,NA
"3",2024,"Z","Fall","NY",16,"Shockwave",NA,"Shockwave",109,"","y","","y",40,"1","21-10-24",76.2,76.2,5.80644e-05,15,4,NA,NA,NA,NA,"",NA,NA,NA,NA,NA,NA,191,191,63.5,NA,"33.2460733",63.5,0.0635,1093.613298,1093.613298,42,7.75,NA,NA,NA,NA,NA,NA,NA,NA,NA,NA,NA,NA,76,79,80,80,73,NA,NA,NA,NA,NA,77.6,1,"",NA,NA,NA,NA,NA,NA,NA,NA,NA,NA,NA,NA,NA,NA,NA,NA,NA,NA,NA,NA,NA,NA,NA,NA,NA,NA,NA,NA,NA,NA,NA,NA,NA,NA,NA,NA,NA,NA,NA,NA,NA,NA,NA,NA,NA,NA,NA,NA,NA,NA,NA,NA,NA,NA,NA,NA,NA,NA,NA,NA,NA,NA,NA,NA,NA,NA,NA,NA,NA,NA,NA,NA,NA,NA,NA,NA,NA,NA,"monoculture","monoA","Shockwave",40,"NY",NA,NA,NA,NA,NA,NA
"4",2024,"Z","Fall","NY",12,"Shockwave","IWG","Shockwave + IWG",111,"y","","y","y",80,"1","21-10-24",76.2,76.2,5.80644e-05,15,4,100,100,59.9,NA,"59.9",59.9,0.0599,1031.613174,NA,NA,NA,164,164,61,NA,"37.19512195",61,0.061,1050.557657,2082.170831,33,6.35,38,49,30,46,34,NA,NA,NA,NA,NA,39.4,NA,57,67,77,62,71,NA,NA,NA,NA,NA,66.8,1,"",NA,NA,NA,NA,NA,NA,NA,NA,NA,NA,NA,NA,NA,NA,NA,NA,NA,NA,NA,NA,NA,NA,NA,NA,NA,NA,NA,NA,NA,NA,NA,NA,NA,NA,NA,NA,NA,NA,NA,NA,NA,NA,NA,NA,NA,NA,NA,NA,NA,NA,NA,NA,NA,NA,NA,NA,NA,NA,NA,NA,NA,NA,NA,NA,NA,NA,NA,NA,NA,NA,NA,NA,NA,NA,NA,NA,NA,NA,"intercrop","inter","Shockwave",80,"NY",NA,NA,NA,NA,NA,NA
"5",2024,"Z","Fall","NY",10,"Shockwave","IWG","Shockwave + IWG",113,"y","","y","y",0,"1","21-10-24",76.2,76.2,5.80644e-05,15,4,92,92,58.9,NA,"64.02173913",58.9,0.0589,1014.390918,NA,NA,NA,-2,-2,7.5,NA,"-375",7.5,0.0075,129.166925,1143.557843,17,6.15,28,37,32,27,39,NA,NA,NA,NA,NA,32.6,NA,88,62,73,70,59,NA,NA,NA,NA,NA,70.4,0,"",NA,NA,NA,NA,NA,NA,NA,NA,NA,NA,NA,NA,NA,NA,NA,NA,NA,NA,NA,NA,NA,NA,NA,NA,NA,NA,NA,NA,NA,NA,NA,NA,NA,NA,NA,NA,NA,NA,NA,NA,NA,NA,NA,NA,NA,NA,NA,NA,NA,NA,NA,NA,NA,NA,NA,NA,NA,NA,NA,NA,NA,NA,NA,NA,NA,NA,NA,NA,NA,NA,NA,NA,NA,NA,NA,NA,NA,NA,"intercrop","inter","Shockwave",0,"NY",NA,NA,NA,NA,NA,NA
"6",2024,"Z","Fall","NY",13,"Shockwave","IWG","Shockwave + IWG",116,"y","","y","y",120,"1","21-10-24",76.2,76.2,5.80644e-05,15,4,209,209,94.2,NA,"45.07177033",94.2,0.0942,1622.336578,NA,NA,NA,175,175,58.3,NA,"33.31428571",58.3,0.0583,1004.057564,2626.394142,2,-0.15,31,25,35,27,36,NA,NA,NA,NA,NA,30.8,NA,70,71,72,62,70,NA,NA,NA,NA,NA,69,1,"",NA,NA,NA,NA,NA,NA,NA,NA,NA,NA,NA,NA,NA,NA,NA,NA,NA,NA,NA,NA,NA,NA,NA,NA,NA,NA,NA,NA,NA,NA,NA,NA,NA,NA,NA,NA,NA,NA,NA,NA,NA,NA,NA,NA,NA,NA,NA,NA,NA,NA,NA,NA,NA,NA,NA,NA,NA,NA,NA,NA,NA,NA,NA,NA,NA,NA,NA,NA,NA,NA,NA,NA,NA,NA,NA,NA,NA,NA,"intercrop","inter","Shockwave",120,"NY",NA,NA,NA,NA,NA,NA
"7",2024,"Z","Fall","NY",14,"Shockwave","IWG","Shockwave + IWG",117,"y","","y","y",160,"1","21-10-24",76.2,76.2,5.80644e-05,15,4,214,214,90.1,NA,"42.10280374",90.1,0.0901,1551.725326,NA,NA,NA,56,56,23.8,NA,"42.5",23.8,0.0238,409.8897087,1961.615034,2,-0.35,30,32,33,36,33,NA,NA,NA,NA,NA,32.8,NA,57,51,71,62,61,NA,NA,NA,NA,NA,60.4,1,"",NA,NA,NA,NA,NA,NA,NA,NA,NA,NA,NA,NA,NA,NA,NA,NA,NA,NA,NA,NA,NA,NA,NA,NA,NA,NA,NA,NA,NA,NA,NA,NA,NA,NA,NA,NA,NA,NA,NA,NA,NA,NA,NA,NA,NA,NA,NA,NA,NA,NA,NA,NA,NA,NA,NA,NA,NA,NA,NA,NA,NA,NA,NA,NA,NA,NA,NA,NA,NA,NA,NA,NA,NA,NA,NA,NA,NA,NA,"intercrop","inter","Shockwave",160,"NY",NA,NA,NA,NA,NA,NA
"8",2024,"Z","Fall","NY",18,"Shockwave",NA,"Shockwave",119,"","y","","y",120,"1","21-10-24",76.2,76.2,5.80644e-05,15,4,NA,NA,NA,NA,"",NA,NA,NA,NA,NA,NA,128,128,44.9,NA,"38.90814558",44.9,0.0449,773.2793243,773.2793243,114,32.15,NA,NA,NA,NA,NA,NA,NA,NA,NA,NA,NA,NA,70,70,66,61,55,NA,NA,NA,NA,NA,64.4,3,"",NA,NA,NA,NA,NA,NA,NA,NA,NA,NA,NA,NA,NA,NA,NA,NA,NA,NA,NA,NA,NA,NA,NA,NA,NA,NA,NA,NA,NA,NA,NA,NA,NA,NA,NA,NA,NA,NA,NA,NA,NA,NA,NA,NA,NA,NA,NA,NA,NA,NA,NA,NA,NA,NA,NA,NA,NA,NA,NA,NA,NA,NA,NA,NA,NA,NA,NA,NA,NA,NA,NA,NA,NA,NA,NA,NA,NA,NA,"monoculture","monoA","Shockwave",120,"NY",NA,NA,NA,NA,NA,NA
"9",2024,"Z","Fall","NY",17,"Shockwave",NA,"Shockwave",120,"","y","","y",80,"1","21-10-24",76.2,76.2,5.80644e-05,15,4,NA,NA,NA,NA,"",NA,NA,NA,NA,NA,NA,242,242,74.8,NA,"30.90909091",74.8,0.0748,1288.224799,1288.224799,66,17.85,NA,NA,NA,NA,NA,NA,NA,NA,NA,NA,NA,NA,71,64,55,57,65,NA,NA,NA,NA,NA,62.4,1,"",NA,NA,NA,NA,NA,NA,NA,NA,NA,NA,NA,NA,NA,NA,NA,NA,NA,NA,NA,NA,NA,NA,NA,NA,NA,NA,NA,NA,NA,NA,NA,NA,NA,NA,NA,NA,NA,NA,NA,NA,NA,NA,NA,NA,NA,NA,NA,NA,NA,NA,NA,NA,NA,NA,NA,NA,NA,NA,NA,NA,NA,NA,NA,NA,NA,NA,NA,NA,NA,NA,NA,NA,NA,NA,NA,NA,NA,NA,"monoculture","monoA","Shockwave",80,"NY",NA,NA,NA,NA,NA,NA
"10",2024,"Z","Fall","NY",19,"Shockwave",NA,"Shockwave",121,"","y","","y",160,"1","21-10-24",76.2,76.2,5.80644e-05,15,4,NA,NA,NA,NA,"",NA,NA,NA,NA,NA,NA,323,323,94.1,NA,"29.13312693",94.1,0.0941,1620.614352,1620.614352,156,38.25,NA,NA,NA,NA,NA,NA,NA,NA,NA,NA,NA,NA,80,80,65,73,76,NA,NA,NA,NA,NA,74.8,1,"",NA,NA,NA,NA,NA,NA,NA,NA,NA,NA,NA,NA,NA,NA,NA,NA,NA,NA,NA,NA,NA,NA,NA,NA,NA,NA,NA,NA,NA,NA,NA,NA,NA,NA,NA,NA,NA,NA,NA,NA,NA,NA,NA,NA,NA,NA,NA,NA,NA,NA,NA,NA,NA,NA,NA,NA,NA,NA,NA,NA,NA,NA,NA,NA,NA,NA,NA,NA,NA,NA,NA,NA,NA,NA,NA,NA,NA,NA,"monoculture","monoA","Shockwave",160,"NY",NA,NA,NA,NA,NA,NA
"11",2024,"Z","Fall","NY",18,"Shockwave",NA,"Shockwave",201,"","y","","y",120,"2","21-10-24",76.2,76.2,5.80644e-05,15,4,NA,NA,NA,NA,"",NA,NA,NA,NA,NA,NA,163,163,53.5,NA,"32.82208589",53.5,0.0535,921.3907317,921.3907317,219,60.85,NA,NA,NA,NA,NA,NA,NA,NA,NA,NA,NA,NA,71,71,54,76,79,NA,NA,NA,NA,NA,70.2,0,"",NA,NA,NA,NA,NA,NA,NA,NA,NA,NA,NA,NA,NA,NA,NA,NA,NA,NA,NA,NA,NA,NA,NA,NA,NA,NA,NA,NA,NA,NA,NA,NA,NA,NA,NA,NA,NA,NA,NA,NA,NA,NA,NA,NA,NA,NA,NA,NA,NA,NA,NA,NA,NA,NA,NA,NA,NA,NA,NA,NA,NA,NA,NA,NA,NA,NA,NA,NA,NA,NA,NA,NA,NA,NA,NA,NA,NA,NA,"monoculture","monoA","Shockwave",120,"NY",NA,NA,NA,NA,NA,NA
"12",2024,"Z","Fall","NY",19,"Shockwave",NA,"Shockwave",203,"","y","","y",160,"2","21-10-24",76.2,76.2,5.80644e-05,15,4,NA,NA,NA,NA,"",NA,NA,NA,NA,NA,NA,67,67,31.3,NA,"46.71641791",31.3,0.0313,539.0566337,539.0566337,217,62.85,NA,NA,NA,NA,NA,NA,NA,NA,NA,NA,NA,NA,66,54,52,64,55,NA,NA,NA,NA,NA,58.2,1,"",NA,NA,NA,NA,NA,NA,NA,NA,NA,NA,NA,NA,NA,NA,NA,NA,NA,NA,NA,NA,NA,NA,NA,NA,NA,NA,NA,NA,NA,NA,NA,NA,NA,NA,NA,NA,NA,NA,NA,NA,NA,NA,NA,NA,NA,NA,NA,NA,NA,NA,NA,NA,NA,NA,NA,NA,NA,NA,NA,NA,NA,NA,NA,NA,NA,NA,NA,NA,NA,NA,NA,NA,NA,NA,NA,NA,NA,NA,"monoculture","monoA","Shockwave",160,"NY",NA,NA,NA,NA,NA,NA
"13",2024,"Z","Fall","NY",17,"Shockwave",NA,"Shockwave",205,"","y","","y",80,"2","21-10-24",76.2,76.2,5.80644e-05,15,4,NA,NA,NA,NA,"",NA,NA,NA,NA,NA,NA,85,85,34.7,NA,"40.82352941",34.7,0.0347,597.6123063,597.6123063,110,35.55,NA,NA,NA,NA,NA,NA,NA,NA,NA,NA,NA,NA,71,60,60,65,60,NA,NA,NA,NA,NA,63.2,2,"",NA,NA,NA,NA,NA,NA,NA,NA,NA,NA,NA,NA,NA,NA,NA,NA,NA,NA,NA,NA,NA,NA,NA,NA,NA,NA,NA,NA,NA,NA,NA,NA,NA,NA,NA,NA,NA,NA,NA,NA,NA,NA,NA,NA,NA,NA,NA,NA,NA,NA,NA,NA,NA,NA,NA,NA,NA,NA,NA,NA,NA,NA,NA,NA,NA,NA,NA,NA,NA,NA,NA,NA,NA,NA,NA,NA,NA,NA,"monoculture","monoA","Shockwave",80,"NY",NA,NA,NA,NA,NA,NA
"14",2024,"Z","Fall","NY",13,"Shockwave","IWG","Shockwave + IWG",206,"y","","y","y",120,"2","21-10-24",76.2,76.2,5.80644e-05,15,4,251,251,103.8,NA,"41.35458167",103.8,0.1038,1787.670242,NA,NA,NA,59,59,28.3,NA,"47.96610169",28.3,0.0283,487.3898637,2275.060106,-3,-0.55,39,46,44,30,38,NA,NA,NA,NA,NA,39.4,NA,65,49,60,61,62,NA,NA,NA,NA,NA,59.4,0,"",NA,NA,NA,NA,NA,NA,NA,NA,NA,NA,NA,NA,NA,NA,NA,NA,NA,NA,NA,NA,NA,NA,NA,NA,NA,NA,NA,NA,NA,NA,NA,NA,NA,NA,NA,NA,NA,NA,NA,NA,NA,NA,NA,NA,NA,NA,NA,NA,NA,NA,NA,NA,NA,NA,NA,NA,NA,NA,NA,NA,NA,NA,NA,NA,NA,NA,NA,NA,NA,NA,NA,NA,NA,NA,NA,NA,NA,NA,"intercrop","inter","Shockwave",120,"NY",NA,NA,NA,NA,NA,NA
"15",2024,"Z","Fall","NY",10,"Shockwave","IWG","Shockwave + IWG",208,"y","","y","y",0,"2","21-10-24",76.2,76.2,5.80644e-05,15,4,219,219,85.5,NA,"39.04109589",85.5,0.0855,1472.502945,NA,NA,NA,371,371,118.2,NA,"31.85983827",118.2,0.1182,2035.670738,3508.173683,14,1.55,45,38,40,26,35,NA,NA,NA,NA,NA,36.8,NA,70,90,70,62,80,NA,NA,NA,NA,NA,74.4,3,"",NA,NA,NA,NA,NA,NA,NA,NA,NA,NA,NA,NA,NA,NA,NA,NA,NA,NA,NA,NA,NA,NA,NA,NA,NA,NA,NA,NA,NA,NA,NA,NA,NA,NA,NA,NA,NA,NA,NA,NA,NA,NA,NA,NA,NA,NA,NA,NA,NA,NA,NA,NA,NA,NA,NA,NA,NA,NA,NA,NA,NA,NA,NA,NA,NA,NA,NA,NA,NA,NA,NA,NA,NA,NA,NA,NA,NA,NA,"intercrop","inter","Shockwave",0,"NY",NA,NA,NA,NA,NA,NA
"16",2024,"Z","Fall","NY",16,"Shockwave",NA,"Shockwave",212,"","y","","y",40,"2","21-10-24",76.2,76.2,5.80644e-05,15,4,NA,NA,NA,NA,"",NA,NA,NA,NA,NA,NA,234,234,71.5,NA,"30.55555556",71.5,0.0715,1231.391352,1231.391352,255,70.55,NA,NA,NA,NA,NA,NA,NA,NA,NA,NA,NA,NA,75,67,59,71,67,NA,NA,NA,NA,NA,67.8,1,"",NA,NA,NA,NA,NA,NA,NA,NA,NA,NA,NA,NA,NA,NA,NA,NA,NA,NA,NA,NA,NA,NA,NA,NA,NA,NA,NA,NA,NA,NA,NA,NA,NA,NA,NA,NA,NA,NA,NA,NA,NA,NA,NA,NA,NA,NA,NA,NA,NA,NA,NA,NA,NA,NA,NA,NA,NA,NA,NA,NA,NA,NA,NA,NA,NA,NA,NA,NA,NA,NA,NA,NA,NA,NA,NA,NA,NA,NA,"monoculture","monoA","Shockwave",40,"NY",NA,NA,NA,NA,NA,NA
"17",2024,"Z","Fall","NY",14,"Shockwave","IWG","Shockwave + IWG",216,"y","","y","y",160,"2","21-10-24",76.2,76.2,5.80644e-05,15,4,195,195,91.2,NA,"46.76923077",91.2,0.0912,1570.669808,NA,NA,NA,74,74,29.1,NA,"39.32432432",29.1,0.0291,501.167669,2071.837477,-1,-0.25,40,44,41,45,46,NA,NA,NA,NA,NA,43.2,NA,85,70,72,82,60,NA,NA,NA,NA,NA,73.8,0,"",NA,NA,NA,NA,NA,NA,NA,NA,NA,NA,NA,NA,NA,NA,NA,NA,NA,NA,NA,NA,NA,NA,NA,NA,NA,NA,NA,NA,NA,NA,NA,NA,NA,NA,NA,NA,NA,NA,NA,NA,NA,NA,NA,NA,NA,NA,NA,NA,NA,NA,NA,NA,NA,NA,NA,NA,NA,NA,NA,NA,NA,NA,NA,NA,NA,NA,NA,NA,NA,NA,NA,NA,NA,NA,NA,NA,NA,NA,"intercrop","inter","Shockwave",160,"NY",NA,NA,NA,NA,NA,NA
"18",2024,"Z","Fall","NY",15,"Shockwave",NA,"Shockwave",217,"","y","","y",0,"2","21-10-24",76.2,76.2,5.80644e-05,15,4,NA,NA,NA,NA,"",NA,NA,NA,NA,NA,NA,218,218,71.2,NA,"32.66055046",71.2,0.0712,1226.224675,1226.224675,175,50.75,NA,NA,NA,NA,NA,NA,NA,NA,NA,NA,NA,NA,63,68,61,70,57,NA,NA,NA,NA,NA,63.8,0,"",NA,NA,NA,NA,NA,NA,NA,NA,NA,NA,NA,NA,NA,NA,NA,NA,NA,NA,NA,NA,NA,NA,NA,NA,NA,NA,NA,NA,NA,NA,NA,NA,NA,NA,NA,NA,NA,NA,NA,NA,NA,NA,NA,NA,NA,NA,NA,NA,NA,NA,NA,NA,NA,NA,NA,NA,NA,NA,NA,NA,NA,NA,NA,NA,NA,NA,NA,NA,NA,NA,NA,NA,NA,NA,NA,NA,NA,NA,"monoculture","monoA","Shockwave",0,"NY",NA,NA,NA,NA,NA,NA
"19",2024,"Z","Fall","NY",11,"Shockwave","IWG","Shockwave + IWG",218,"y","","y","y",40,"2","21-10-24",76.2,76.2,5.80644e-05,15,4,158,158,72.4,NA,"45.82278481",72.4,0.0724,1246.891383,NA,NA,NA,230,230,77.1,NA,"33.52173913",77.1,0.0771,1327.835989,2574.727372,5,0.35,39,39,37,38,35,NA,NA,NA,NA,NA,37.6,NA,60,54,60,70,64,NA,NA,NA,NA,NA,61.6,3,"",NA,NA,NA,NA,NA,NA,NA,NA,NA,NA,NA,NA,NA,NA,NA,NA,NA,NA,NA,NA,NA,NA,NA,NA,NA,NA,NA,NA,NA,NA,NA,NA,NA,NA,NA,NA,NA,NA,NA,NA,NA,NA,NA,NA,NA,NA,NA,NA,NA,NA,NA,NA,NA,NA,NA,NA,NA,NA,NA,NA,NA,NA,NA,NA,NA,NA,NA,NA,NA,NA,NA,NA,NA,NA,NA,NA,NA,NA,"intercrop","inter","Shockwave",40,"NY",NA,NA,NA,NA,NA,NA
"20",2024,"Z","Fall","NY",12,"Shockwave","IWG","Shockwave + IWG",219,"y","","y","y",80,"2","21-10-24",76.2,76.2,5.80644e-05,15,4,104,104,63.5,NA,"61.05769231",63.5,0.0635,1093.613298,NA,NA,NA,115,115,41.3,NA,"35.91304348",41.3,0.0413,711.2792003,1804.892499,2,0.05,35,36,42,42,36,NA,NA,NA,NA,NA,38.2,NA,74,94,64,83,80,NA,NA,NA,NA,NA,79,0,"",NA,NA,NA,NA,NA,NA,NA,NA,NA,NA,NA,NA,NA,NA,NA,NA,NA,NA,NA,NA,NA,NA,NA,NA,NA,NA,NA,NA,NA,NA,NA,NA,NA,NA,NA,NA,NA,NA,NA,NA,NA,NA,NA,NA,NA,NA,NA,NA,NA,NA,NA,NA,NA,NA,NA,NA,NA,NA,NA,NA,NA,NA,NA,NA,NA,NA,NA,NA,NA,NA,NA,NA,NA,NA,NA,NA,NA,NA,"intercrop","inter","Shockwave",80,"NY",NA,NA,NA,NA,NA,NA
"21",2024,"Z","Fall","NY",17,"Shockwave",NA,"Shockwave",301,"","y","","y",80,"3","22-10-24",76.2,76.2,5.80644e-05,15,4,NA,NA,NA,NA,"",NA,NA,NA,NA,NA,NA,166,166,58.6,NA,"35.30120482",58.6,0.0586,1009.224241,1009.224241,391,123.05,NA,NA,NA,NA,NA,NA,NA,NA,NA,NA,NA,NA,74,46,73,58,68,NA,NA,NA,NA,NA,63.8,5,"",NA,NA,NA,NA,NA,NA,NA,NA,NA,NA,NA,NA,NA,NA,NA,NA,NA,NA,NA,NA,NA,NA,NA,NA,NA,NA,NA,NA,NA,NA,NA,NA,NA,NA,NA,NA,NA,NA,NA,NA,NA,NA,NA,NA,NA,NA,NA,NA,NA,NA,NA,NA,NA,NA,NA,NA,NA,NA,NA,NA,NA,NA,NA,NA,NA,NA,NA,NA,NA,NA,NA,NA,NA,NA,NA,NA,NA,NA,"monoculture","monoA","Shockwave",80,"NY",NA,NA,NA,NA,NA,NA
"22",2024,"Z","Fall","NY",15,"Shockwave",NA,"Shockwave",305,"","y","","y",0,"3","22-10-24",76.2,76.2,5.80644e-05,15,4,NA,NA,NA,NA,"",NA,NA,NA,NA,NA,NA,27,27,17.9,NA,"66.2962963",17.9,0.0179,308.2783943,308.2783943,148,51.65,NA,NA,NA,NA,NA,NA,NA,NA,NA,NA,NA,NA,57,70,65,64,70,NA,NA,NA,NA,NA,65.2,3,"",NA,NA,NA,NA,NA,NA,NA,NA,NA,NA,NA,NA,NA,NA,NA,NA,NA,NA,NA,NA,NA,NA,NA,NA,NA,NA,NA,NA,NA,NA,NA,NA,NA,NA,NA,NA,NA,NA,NA,NA,NA,NA,NA,NA,NA,NA,NA,NA,NA,NA,NA,NA,NA,NA,NA,NA,NA,NA,NA,NA,NA,NA,NA,NA,NA,NA,NA,NA,NA,NA,NA,NA,NA,NA,NA,NA,NA,NA,"monoculture","monoA","Shockwave",0,"NY",NA,NA,NA,NA,NA,NA
"23",2024,"Z","Fall","NY",14,"Shockwave","IWG","Shockwave + IWG",310,"y","","y","y",160,"3","22-10-24",76.2,76.2,5.80644e-05,15,4,168,168,78.7,NA,"46.8452381",78.7,0.0787,1355.3916,NA,NA,NA,89,89,37.6,NA,"42.24719101",37.6,0.0376,647.5568507,2002.94845,92,21.45,33,42,55,38,33,NA,NA,NA,NA,NA,40.2,NA,70,64,80,68,81,NA,NA,NA,NA,NA,72.6,1,"",NA,NA,NA,NA,NA,NA,NA,NA,NA,NA,NA,NA,NA,NA,NA,NA,NA,NA,NA,NA,NA,NA,NA,NA,NA,NA,NA,NA,NA,NA,NA,NA,NA,NA,NA,NA,NA,NA,NA,NA,NA,NA,NA,NA,NA,NA,NA,NA,NA,NA,NA,NA,NA,NA,NA,NA,NA,NA,NA,NA,NA,NA,NA,NA,NA,NA,NA,NA,NA,NA,NA,NA,NA,NA,NA,NA,NA,NA,"intercrop","inter","Shockwave",160,"NY",NA,NA,NA,NA,NA,NA
"24",2024,"Z","Fall","NY",11,"Shockwave","IWG","Shockwave + IWG",311,"y","","y","y",40,"3","22-10-24",76.2,76.2,5.80644e-05,15,4,256,256,113.1,NA,"44.1796875",113.1,0.1131,1947.837229,NA,NA,NA,59,59,26.7,NA,"45.25423729",26.7,0.0267,459.834253,2407.671482,4,0.55,41,35,52,43,31,NA,NA,NA,NA,NA,40.4,NA,58,40,50,51,40,NA,NA,NA,NA,NA,47.8,0,"",NA,NA,NA,NA,NA,NA,NA,NA,NA,NA,NA,NA,NA,NA,NA,NA,NA,NA,NA,NA,NA,NA,NA,NA,NA,NA,NA,NA,NA,NA,NA,NA,NA,NA,NA,NA,NA,NA,NA,NA,NA,NA,NA,NA,NA,NA,NA,NA,NA,NA,NA,NA,NA,NA,NA,NA,NA,NA,NA,NA,NA,NA,NA,NA,NA,NA,NA,NA,NA,NA,NA,NA,NA,NA,NA,NA,NA,NA,"intercrop","inter","Shockwave",40,"NY",NA,NA,NA,NA,NA,NA
"25",2024,"Z","Fall","NY",19,"Shockwave",NA,"Shockwave",312,"","y","","y",160,"3","22-10-24",76.2,76.2,5.80644e-05,15,4,NA,NA,NA,NA,"",NA,NA,NA,NA,NA,NA,9,9,10.6,NA,"117.7777778",10.6,0.0106,182.5559207,182.5559207,430,133.75,NA,NA,NA,NA,NA,NA,NA,NA,NA,NA,NA,NA,63,65,80,59,71,NA,NA,NA,NA,NA,67.6,0,"",NA,NA,NA,NA,NA,NA,NA,NA,NA,NA,NA,NA,NA,NA,NA,NA,NA,NA,NA,NA,NA,NA,NA,NA,NA,NA,NA,NA,NA,NA,NA,NA,NA,NA,NA,NA,NA,NA,NA,NA,NA,NA,NA,NA,NA,NA,NA,NA,NA,NA,NA,NA,NA,NA,NA,NA,NA,NA,NA,NA,NA,NA,NA,NA,NA,NA,NA,NA,NA,NA,NA,NA,NA,NA,NA,NA,NA,NA,"monoculture","monoA","Shockwave",160,"NY",NA,NA,NA,NA,NA,NA
"26",2024,"Z","Fall","NY",13,"Shockwave","IWG","Shockwave + IWG",313,"y","","y","y",120,"3","22-10-24",76.2,76.2,5.80644e-05,15,4,229,229,99.9,NA,"43.62445415",99.9,0.0999,1720.503441,NA,NA,NA,20,20,16.6,NA,"83",16.6,0.0166,285.8894607,2006.392902,1,-0.25,39,33,32,33,42,NA,NA,NA,NA,NA,35.8,NA,50,73,56,53,78,NA,NA,NA,NA,NA,62,0,"",NA,NA,NA,NA,NA,NA,NA,NA,NA,NA,NA,NA,NA,NA,NA,NA,NA,NA,NA,NA,NA,NA,NA,NA,NA,NA,NA,NA,NA,NA,NA,NA,NA,NA,NA,NA,NA,NA,NA,NA,NA,NA,NA,NA,NA,NA,NA,NA,NA,NA,NA,NA,NA,NA,NA,NA,NA,NA,NA,NA,NA,NA,NA,NA,NA,NA,NA,NA,NA,NA,NA,NA,NA,NA,NA,NA,NA,NA,"intercrop","inter","Shockwave",120,"NY",NA,NA,NA,NA,NA,NA
"27",2024,"Z","Fall","NY",10,"Shockwave","IWG","Shockwave + IWG",316,"y","","y","y",0,"3","22-10-24",76.2,76.2,5.80644e-05,15,4,173,173,82.2,NA,"47.51445087",82.2,0.0822,1415.669498,NA,NA,NA,94,94,35.5,NA,"37.76595745",35.5,0.0355,611.3901117,2027.05961,5,0.95,36,43,30,27,35,NA,NA,NA,NA,NA,34.2,NA,57,60,57,60,62,NA,NA,NA,NA,NA,59.2,0,"",NA,NA,NA,NA,NA,NA,NA,NA,NA,NA,NA,NA,NA,NA,NA,NA,NA,NA,NA,NA,NA,NA,NA,NA,NA,NA,NA,NA,NA,NA,NA,NA,NA,NA,NA,NA,NA,NA,NA,NA,NA,NA,NA,NA,NA,NA,NA,NA,NA,NA,NA,NA,NA,NA,NA,NA,NA,NA,NA,NA,NA,NA,NA,NA,NA,NA,NA,NA,NA,NA,NA,NA,NA,NA,NA,NA,NA,NA,"intercrop","inter","Shockwave",0,"NY",NA,NA,NA,NA,NA,NA
"28",2024,"Z","Fall","NY",12,"Shockwave","IWG","Shockwave + IWG",318,"y","","y","y",80,"3","22-10-24",76.2,76.2,5.80644e-05,15,4,141,141,70.6,NA,"50.07092199",70.6,0.0706,1215.891321,NA,NA,NA,194,194,66.9,NA,"34.48453608",66.9,0.0669,1152.168971,2368.060292,11,1.85,40,43,40,40,35,NA,NA,NA,NA,NA,39.6,NA,60,60,82,65,80,NA,NA,NA,NA,NA,69.4,1,"",NA,NA,NA,NA,NA,NA,NA,NA,NA,NA,NA,NA,NA,NA,NA,NA,NA,NA,NA,NA,NA,NA,NA,NA,NA,NA,NA,NA,NA,NA,NA,NA,NA,NA,NA,NA,NA,NA,NA,NA,NA,NA,NA,NA,NA,NA,NA,NA,NA,NA,NA,NA,NA,NA,NA,NA,NA,NA,NA,NA,NA,NA,NA,NA,NA,NA,NA,NA,NA,NA,NA,NA,NA,NA,NA,NA,NA,NA,"intercrop","inter","Shockwave",80,"NY",NA,NA,NA,NA,NA,NA
"29",2024,"Z","Fall","NY",18,"Shockwave",NA,"Shockwave",321,"","y","","y",120,"3","22-10-24",76.2,76.2,5.80644e-05,15,4,NA,NA,NA,NA,"",NA,NA,NA,NA,NA,NA,188,188,60.5,NA,"32.18085106",60.5,0.0605,1041.946528,1041.946528,196,60.35,NA,NA,NA,NA,NA,NA,NA,NA,NA,NA,NA,NA,65,83,67,60,84,NA,NA,NA,NA,NA,71.8,0,"",NA,NA,NA,NA,NA,NA,NA,NA,NA,NA,NA,NA,NA,NA,NA,NA,NA,NA,NA,NA,NA,NA,NA,NA,NA,NA,NA,NA,NA,NA,NA,NA,NA,NA,NA,NA,NA,NA,NA,NA,NA,NA,NA,NA,NA,NA,NA,NA,NA,NA,NA,NA,NA,NA,NA,NA,NA,NA,NA,NA,NA,NA,NA,NA,NA,NA,NA,NA,NA,NA,NA,NA,NA,NA,NA,NA,NA,NA,"monoculture","monoA","Shockwave",120,"NY",NA,NA,NA,NA,NA,NA
"30",2024,"Z","Fall","NY",16,"Shockwave",NA,"Shockwave",323,"","y","","y",40,"3","22-10-24",76.2,76.2,5.80644e-05,15,4,NA,NA,NA,NA,"",NA,NA,NA,NA,NA,NA,218,218,NA,NA,"0",NA,0,0,0,54,17.05,NA,NA,NA,NA,NA,NA,NA,NA,NA,NA,NA,NA,74,80,60,74,80,NA,NA,NA,NA,NA,73.6,0,"",NA,NA,NA,NA,NA,NA,NA,NA,NA,NA,NA,NA,NA,NA,NA,NA,NA,NA,NA,NA,NA,NA,NA,NA,NA,NA,NA,NA,NA,NA,NA,NA,NA,NA,NA,NA,NA,NA,NA,NA,NA,NA,NA,NA,NA,NA,NA,NA,NA,NA,NA,NA,NA,NA,NA,NA,NA,NA,NA,NA,NA,NA,NA,NA,NA,NA,NA,NA,NA,NA,NA,NA,NA,NA,NA,NA,NA,NA,"monoculture","monoA","Shockwave",40,"NY",NA,NA,NA,NA,NA,NA
"31",2024,"Z","Fall","NY",19,"Shockwave",NA,"Shockwave",401,"","y","","y",160,"4","22-10-24",76.2,76.2,5.80644e-05,15,4,NA,NA,NA,NA,"",NA,NA,NA,NA,NA,NA,19,19,12.5,NA,"65.78947368",12.5,0.0125,215.2782083,215.2782083,228,67.85,NA,NA,NA,NA,NA,NA,NA,NA,NA,NA,NA,NA,37,54,30,39,53,NA,NA,NA,NA,NA,42.6,0,"",NA,NA,NA,NA,NA,NA,NA,NA,NA,NA,NA,NA,NA,NA,NA,NA,NA,NA,NA,NA,NA,NA,NA,NA,NA,NA,NA,NA,NA,NA,NA,NA,NA,NA,NA,NA,NA,NA,NA,NA,NA,NA,NA,NA,NA,NA,NA,NA,NA,NA,NA,NA,NA,NA,NA,NA,NA,NA,NA,NA,NA,NA,NA,NA,NA,NA,NA,NA,NA,NA,NA,NA,NA,NA,NA,NA,NA,NA,"monoculture","monoA","Shockwave",160,"NY",NA,NA,NA,NA,NA,NA
"32",2024,"Z","Fall","NY",12,"Shockwave","IWG","Shockwave + IWG",404,"y","","y","y",80,"4","22-10-24",76.2,76.2,5.80644e-05,15,4,231,231,102,NA,"44.15584416",102,0.102,1756.67018,NA,NA,NA,36,36,21.9,NA,"60.83333333",21.9,0.0219,377.167421,2133.837601,4,0.55,38,39,30,34,36,NA,NA,NA,NA,NA,35.4,NA,52,45,57,45,43,NA,NA,NA,NA,NA,48.4,0,"",NA,NA,NA,NA,NA,NA,NA,NA,NA,NA,NA,NA,NA,NA,NA,NA,NA,NA,NA,NA,NA,NA,NA,NA,NA,NA,NA,NA,NA,NA,NA,NA,NA,NA,NA,NA,NA,NA,NA,NA,NA,NA,NA,NA,NA,NA,NA,NA,NA,NA,NA,NA,NA,NA,NA,NA,NA,NA,NA,NA,NA,NA,NA,NA,NA,NA,NA,NA,NA,NA,NA,NA,NA,NA,NA,NA,NA,NA,"intercrop","inter","Shockwave",80,"NY",NA,NA,NA,NA,NA,NA
"33",2024,"Z","Fall","NY",13,"Shockwave","IWG","Shockwave + IWG",405,"y","","y","y",120,"4","22-10-24",76.2,76.2,5.80644e-05,15,4,110,110,63.9,NA,"58.09090909",63.9,0.0639,1100.502201,NA,NA,NA,-8,-8,4.9,NA,"-61.25",4.9,0.0049,84.38905767,1184.891259,2,-0.05,29,34,29,30,37,NA,NA,NA,NA,NA,31.8,NA,25,43,28,27,36,NA,NA,NA,NA,NA,31.8,0,"",NA,NA,NA,NA,NA,NA,NA,NA,NA,NA,NA,NA,NA,NA,NA,NA,NA,NA,NA,NA,NA,NA,NA,NA,NA,NA,NA,NA,NA,NA,NA,NA,NA,NA,NA,NA,NA,NA,NA,NA,NA,NA,NA,NA,NA,NA,NA,NA,NA,NA,NA,NA,NA,NA,NA,NA,NA,NA,NA,NA,NA,NA,NA,NA,NA,NA,NA,NA,NA,NA,NA,NA,NA,NA,NA,NA,NA,NA,"intercrop","inter","Shockwave",120,"NY",NA,NA,NA,NA,NA,NA
"34",2024,"Z","Fall","NY",10,"Shockwave","IWG","Shockwave + IWG",406,"y","","y","y",0,"4","22-10-24",76.2,76.2,5.80644e-05,15,4,90,90,57.5,NA,"63.88888889",57.5,0.0575,990.2797583,NA,NA,NA,-18,-18,2.4,NA,"-13.33333333",2.4,0.0024,41.333416,1031.613174,1,-0.65,35,22,35,33,37,NA,NA,NA,NA,NA,32.4,NA,34,53,34,26,35,NA,NA,NA,NA,NA,36.4,0,"",NA,NA,NA,NA,NA,NA,NA,NA,NA,NA,NA,NA,NA,NA,NA,NA,NA,NA,NA,NA,NA,NA,NA,NA,NA,NA,NA,NA,NA,NA,NA,NA,NA,NA,NA,NA,NA,NA,NA,NA,NA,NA,NA,NA,NA,NA,NA,NA,NA,NA,NA,NA,NA,NA,NA,NA,NA,NA,NA,NA,NA,NA,NA,NA,NA,NA,NA,NA,NA,NA,NA,NA,NA,NA,NA,NA,NA,NA,"intercrop","inter","Shockwave",0,"NY",NA,NA,NA,NA,NA,NA
"35",2024,"Z","Fall","NY",14,"Shockwave","IWG","Shockwave + IWG",408,"y","","y","y",160,"4","22-10-24",76.2,76.2,5.80644e-05,15,4,216,216,96.8,NA,"44.81481481",96.8,0.0968,1667.114445,NA,NA,NA,67,67,30.3,NA,"45.2238806",30.3,0.0303,521.834377,2188.948822,5,0.85,55,50,47,46,36,NA,NA,NA,NA,NA,46.8,NA,56,72,57,70,80,NA,NA,NA,NA,NA,67,1,"",NA,NA,NA,NA,NA,NA,NA,NA,NA,NA,NA,NA,NA,NA,NA,NA,NA,NA,NA,NA,NA,NA,NA,NA,NA,NA,NA,NA,NA,NA,NA,NA,NA,NA,NA,NA,NA,NA,NA,NA,NA,NA,NA,NA,NA,NA,NA,NA,NA,NA,NA,NA,NA,NA,NA,NA,NA,NA,NA,NA,NA,NA,NA,NA,NA,NA,NA,NA,NA,NA,NA,NA,NA,NA,NA,NA,NA,NA,"intercrop","inter","Shockwave",160,"NY",NA,NA,NA,NA,NA,NA
"36",2024,"Z","Fall","NY",16,"Shockwave",NA,"Shockwave",409,"","y","","y",40,"4","22-10-24",76.2,76.2,5.80644e-05,15,4,NA,NA,NA,NA,"",NA,NA,NA,NA,NA,NA,34,34,18.1,NA,"53.23529412",18.1,0.0181,311.7228457,311.7228457,278,80.95,NA,NA,NA,NA,NA,NA,NA,NA,NA,NA,NA,NA,55,73,54,65,76,NA,NA,NA,NA,NA,64.6,0,"",NA,NA,NA,NA,NA,NA,NA,NA,NA,NA,NA,NA,NA,NA,NA,NA,NA,NA,NA,NA,NA,NA,NA,NA,NA,NA,NA,NA,NA,NA,NA,NA,NA,NA,NA,NA,NA,NA,NA,NA,NA,NA,NA,NA,NA,NA,NA,NA,NA,NA,NA,NA,NA,NA,NA,NA,NA,NA,NA,NA,NA,NA,NA,NA,NA,NA,NA,NA,NA,NA,NA,NA,NA,NA,NA,NA,NA,NA,"monoculture","monoA","Shockwave",40,"NY",NA,NA,NA,NA,NA,NA
"37",2024,"Z","Fall","NY",18,"Shockwave",NA,"Shockwave",414,"","y","","y",120,"4","22-10-24",76.2,76.2,5.80644e-05,15,4,NA,NA,NA,NA,"",NA,NA,NA,NA,NA,NA,42,42,23.2,NA,"55.23809524",23.2,0.0232,399.5563547,399.5563547,232,76.45,NA,NA,NA,NA,NA,NA,NA,NA,NA,NA,NA,NA,26,24,51,28,54,NA,NA,NA,NA,NA,36.6,1,"",NA,NA,NA,NA,NA,NA,NA,NA,NA,NA,NA,NA,NA,NA,NA,NA,NA,NA,NA,NA,NA,NA,NA,NA,NA,NA,NA,NA,NA,NA,NA,NA,NA,NA,NA,NA,NA,NA,NA,NA,NA,NA,NA,NA,NA,NA,NA,NA,NA,NA,NA,NA,NA,NA,NA,NA,NA,NA,NA,NA,NA,NA,NA,NA,NA,NA,NA,NA,NA,NA,NA,NA,NA,NA,NA,NA,NA,NA,"monoculture","monoA","Shockwave",120,"NY",NA,NA,NA,NA,NA,NA
"38",2024,"Z","Fall","NY",11,"Shockwave","IWG","Shockwave + IWG",416,"y","","y","y",40,"4","22-10-24",76.2,76.2,5.80644e-05,15,4,133,133,71.4,NA,"53.68421053",71.4,0.0714,1229.669126,NA,NA,NA,31,31,16.1,NA,"51.93548387",16.1,0.0161,277.2783323,1506.947458,4,0.25,40,34,38,40,28,NA,NA,NA,NA,NA,36,NA,85,62,75,70,75,NA,NA,NA,NA,NA,73.4,1,"",NA,NA,NA,NA,NA,NA,NA,NA,NA,NA,NA,NA,NA,NA,NA,NA,NA,NA,NA,NA,NA,NA,NA,NA,NA,NA,NA,NA,NA,NA,NA,NA,NA,NA,NA,NA,NA,NA,NA,NA,NA,NA,NA,NA,NA,NA,NA,NA,NA,NA,NA,NA,NA,NA,NA,NA,NA,NA,NA,NA,NA,NA,NA,NA,NA,NA,NA,NA,NA,NA,NA,NA,NA,NA,NA,NA,NA,NA,"intercrop","inter","Shockwave",40,"NY",NA,NA,NA,NA,NA,NA
"39",2024,"Z","Fall","NY",15,"Shockwave",NA,"Shockwave",422,"","y","","y",0,"4","22-10-24",76.2,76.2,5.80644e-05,15,4,NA,NA,NA,NA,"",NA,NA,NA,NA,NA,NA,122,122,44.2,NA,"36.2295082",44.2,0.0442,761.2237447,761.2237447,59,17.15,NA,NA,NA,NA,NA,NA,NA,NA,NA,NA,NA,NA,55,65,60,60,66,NA,NA,NA,NA,NA,61.2,0,"",NA,NA,NA,NA,NA,NA,NA,NA,NA,NA,NA,NA,NA,NA,NA,NA,NA,NA,NA,NA,NA,NA,NA,NA,NA,NA,NA,NA,NA,NA,NA,NA,NA,NA,NA,NA,NA,NA,NA,NA,NA,NA,NA,NA,NA,NA,NA,NA,NA,NA,NA,NA,NA,NA,NA,NA,NA,NA,NA,NA,NA,NA,NA,NA,NA,NA,NA,NA,NA,NA,NA,NA,NA,NA,NA,NA,NA,NA,"monoculture","monoA","Shockwave",0,"NY",NA,NA,NA,NA,NA,NA
"40",2024,"Z","Fall","NY",17,"Shockwave",NA,"Shockwave",423,"","y","","y",80,"4","22-10-24",76.2,76.2,5.80644e-05,15,4,NA,NA,NA,NA,"",NA,NA,NA,NA,NA,NA,126,126,45.2,NA,"35.87301587",45.2,0.0452,778.4460013,778.4460013,86,27.15,NA,NA,NA,NA,NA,NA,NA,NA,NA,NA,NA,NA,50,54,56,64,61,NA,NA,NA,NA,NA,57,1,"",NA,NA,NA,NA,NA,NA,NA,NA,NA,NA,NA,NA,NA,NA,NA,NA,NA,NA,NA,NA,NA,NA,NA,NA,NA,NA,NA,NA,NA,NA,NA,NA,NA,NA,NA,NA,NA,NA,NA,NA,NA,NA,NA,NA,NA,NA,NA,NA,NA,NA,NA,NA,NA,NA,NA,NA,NA,NA,NA,NA,NA,NA,NA,NA,NA,NA,NA,NA,NA,NA,NA,NA,NA,NA,NA,NA,NA,NA,"monoculture","monoA","Shockwave",80,"NY",NA,NA,NA,NA,NA,NA
"41",2024,"Z","Fall","WI",14,"Shockwave","IWG","Shockwave + IWG",101,"y","","y","y",160,"1","10-11-2024",100,122,0.000122,NA,4,NA,NA,NA,NA,"",72,0.072,590.1639344,NA,NA,NA,NA,NA,NA,NA,"",108,0.108,885.2459016,1475.409836,NA,NA,NA,NA,NA,NA,NA,NA,NA,NA,NA,NA,NA,NA,NA,NA,NA,NA,NA,NA,NA,NA,NA,NA,NA,NA,"",NA,NA,NA,NA,NA,NA,NA,NA,NA,NA,NA,NA,NA,NA,NA,NA,NA,NA,NA,NA,NA,NA,NA,NA,NA,NA,NA,NA,NA,NA,NA,NA,NA,NA,NA,NA,NA,NA,NA,NA,NA,NA,NA,NA,NA,NA,NA,NA,NA,NA,NA,NA,NA,NA,NA,NA,NA,NA,NA,NA,NA,NA,NA,NA,NA,NA,NA,NA,NA,NA,NA,NA,NA,NA,NA,NA,NA,NA,"intercrop","inter","Shockwave",160,"WI",NA,NA,NA,NA,NA,NA
"42",2024,"Z","Fall","WI",19,"Shockwave",NA,"Shockwave",106,"","y","","y",160,"2","10-11-2024",100,122,0.000122,NA,4,NA,NA,NA,NA,"",NA,0,0,NA,NA,NA,NA,NA,NA,NA,"",247,0.247,2024.590164,2024.590164,NA,NA,NA,NA,NA,NA,NA,NA,NA,NA,NA,NA,NA,NA,NA,NA,NA,NA,NA,NA,NA,NA,NA,NA,NA,NA,"",NA,NA,NA,NA,NA,NA,NA,NA,NA,NA,NA,NA,NA,NA,NA,NA,NA,NA,NA,NA,NA,NA,NA,NA,NA,NA,NA,NA,NA,NA,NA,NA,NA,NA,NA,NA,NA,NA,NA,NA,NA,NA,NA,NA,NA,NA,NA,NA,NA,NA,NA,NA,NA,NA,NA,NA,NA,NA,NA,NA,NA,NA,NA,NA,NA,NA,NA,NA,NA,NA,NA,NA,NA,NA,NA,NA,NA,NA,"monoculture","monoA","Shockwave",160,"WI",NA,NA,NA,NA,NA,NA
"43",2024,"Z","Fall","WI",13,"Shockwave","IWG","Shockwave + IWG",108,"y","","y","y",120,"2","10-11-2024",100,122,0.000122,NA,4,NA,NA,NA,NA,"",76,0.076,622.9508197,NA,NA,NA,NA,NA,NA,NA,"",171,0.171,1401.639344,2024.590164,NA,NA,NA,NA,NA,NA,NA,NA,NA,NA,NA,NA,NA,NA,NA,NA,NA,NA,NA,NA,NA,NA,NA,NA,NA,NA,"",NA,NA,NA,NA,NA,NA,NA,NA,NA,NA,NA,NA,NA,NA,NA,NA,NA,NA,NA,NA,NA,NA,NA,NA,NA,NA,NA,NA,NA,NA,NA,NA,NA,NA,NA,NA,NA,NA,NA,NA,NA,NA,NA,NA,NA,NA,NA,NA,NA,NA,NA,NA,NA,NA,NA,NA,NA,NA,NA,NA,NA,NA,NA,NA,NA,NA,NA,NA,NA,NA,NA,NA,NA,NA,NA,NA,NA,NA,"intercrop","inter","Shockwave",120,"WI",NA,NA,NA,NA,NA,NA
"44",2024,"Z","Fall","WI",17,"Shockwave",NA,"Shockwave",110,"","y","","y",80,"3","10-11-2024",100,122,0.000122,NA,4,NA,NA,NA,NA,"",NA,0,0,NA,NA,NA,NA,NA,NA,NA,"",248,0.248,2032.786885,2032.786885,NA,NA,NA,NA,NA,NA,NA,NA,NA,NA,NA,NA,NA,NA,NA,NA,NA,NA,NA,NA,NA,NA,NA,NA,NA,NA,"",NA,NA,NA,NA,NA,NA,NA,NA,NA,NA,NA,NA,NA,NA,NA,NA,NA,NA,NA,NA,NA,NA,NA,NA,NA,NA,NA,NA,NA,NA,NA,NA,NA,NA,NA,NA,NA,NA,NA,NA,NA,NA,NA,NA,NA,NA,NA,NA,NA,NA,NA,NA,NA,NA,NA,NA,NA,NA,NA,NA,NA,NA,NA,NA,NA,NA,NA,NA,NA,NA,NA,NA,NA,NA,NA,NA,NA,NA,"monoculture","monoA","Shockwave",80,"WI",NA,NA,NA,NA,NA,NA
"45",2024,"Z","Fall","WI",14,"Shockwave","IWG","Shockwave + IWG",111,"y","","y","y",160,"3","10-11-2024",100,122,0.000122,NA,4,NA,NA,NA,NA,"",142,0.142,1163.934426,NA,NA,NA,NA,NA,NA,NA,"",125,0.125,1024.590164,2188.52459,NA,NA,NA,NA,NA,NA,NA,NA,NA,NA,NA,NA,NA,NA,NA,NA,NA,NA,NA,NA,NA,NA,NA,NA,NA,NA,"",NA,NA,NA,NA,NA,NA,NA,NA,NA,NA,NA,NA,NA,NA,NA,NA,NA,NA,NA,NA,NA,NA,NA,NA,NA,NA,NA,NA,NA,NA,NA,NA,NA,NA,NA,NA,NA,NA,NA,NA,NA,NA,NA,NA,NA,NA,NA,NA,NA,NA,NA,NA,NA,NA,NA,NA,NA,NA,NA,NA,NA,NA,NA,NA,NA,NA,NA,NA,NA,NA,NA,NA,NA,NA,NA,NA,NA,NA,"intercrop","inter","Shockwave",160,"WI",NA,NA,NA,NA,NA,NA
"46",2024,"Z","Fall","WI",16,"Shockwave",NA,"Shockwave",115,"","y","","y",40,"4","10-11-2024",100,122,0.000122,NA,4,NA,NA,NA,NA,"",NA,0,0,NA,NA,NA,NA,NA,NA,NA,"",295,0.295,2418.032787,2418.032787,NA,NA,NA,NA,NA,NA,NA,NA,NA,NA,NA,NA,NA,NA,NA,NA,NA,NA,NA,NA,NA,NA,NA,NA,NA,NA,"",NA,NA,NA,NA,NA,NA,NA,NA,NA,NA,NA,NA,NA,NA,NA,NA,NA,NA,NA,NA,NA,NA,NA,NA,NA,NA,NA,NA,NA,NA,NA,NA,NA,NA,NA,NA,NA,NA,NA,NA,NA,NA,NA,NA,NA,NA,NA,NA,NA,NA,NA,NA,NA,NA,NA,NA,NA,NA,NA,NA,NA,NA,NA,NA,NA,NA,NA,NA,NA,NA,NA,NA,NA,NA,NA,NA,NA,NA,"monoculture","monoA","Shockwave",40,"WI",NA,NA,NA,NA,NA,NA
"47",2024,"Z","Fall","WI",12,"Shockwave","IWG","Shockwave + IWG",116,"y","","y","y",80,"4","10-11-2024",100,122,0.000122,NA,4,NA,NA,NA,NA,"",70,0.07,573.7704918,NA,NA,NA,NA,NA,NA,NA,"",261,0.261,2139.344262,2713.114754,NA,NA,NA,NA,NA,NA,NA,NA,NA,NA,NA,NA,NA,NA,NA,NA,NA,NA,NA,NA,NA,NA,NA,NA,NA,NA,"",NA,NA,NA,NA,NA,NA,NA,NA,NA,NA,NA,NA,NA,NA,NA,NA,NA,NA,NA,NA,NA,NA,NA,NA,NA,NA,NA,NA,NA,NA,NA,NA,NA,NA,NA,NA,NA,NA,NA,NA,NA,NA,NA,NA,NA,NA,NA,NA,NA,NA,NA,NA,NA,NA,NA,NA,NA,NA,NA,NA,NA,NA,NA,NA,NA,NA,NA,NA,NA,NA,NA,NA,NA,NA,NA,NA,NA,NA,"intercrop","inter","Shockwave",80,"WI",NA,NA,NA,NA,NA,NA
"48",2024,"Z","Fall","WI",15,"Shockwave",NA,"Shockwave",202,"","y","","y",0,"1","10-11-2024",100,122,0.000122,NA,4,NA,NA,NA,NA,"",NA,0,0,NA,NA,NA,NA,NA,NA,NA,"",216,0.216,1770.491803,1770.491803,NA,NA,NA,NA,NA,NA,NA,NA,NA,NA,NA,NA,NA,NA,NA,NA,NA,NA,NA,NA,NA,NA,NA,NA,NA,NA,"",NA,NA,NA,NA,NA,NA,NA,NA,NA,NA,NA,NA,NA,NA,NA,NA,NA,NA,NA,NA,NA,NA,NA,NA,NA,NA,NA,NA,NA,NA,NA,NA,NA,NA,NA,NA,NA,NA,NA,NA,NA,NA,NA,NA,NA,NA,NA,NA,NA,NA,NA,NA,NA,NA,NA,NA,NA,NA,NA,NA,NA,NA,NA,NA,NA,NA,NA,NA,NA,NA,NA,NA,NA,NA,NA,NA,NA,NA,"monoculture","monoA","Shockwave",0,"WI",NA,NA,NA,NA,NA,NA
"49",2024,"Z","Fall","WI",19,"Shockwave",NA,"Shockwave",204,"","y","","y",160,"1","10-11-2024",100,122,0.000122,NA,4,NA,NA,NA,NA,"",NA,0,0,NA,NA,NA,NA,NA,NA,NA,"",165,0.165,1352.459016,1352.459016,NA,NA,NA,NA,NA,NA,NA,NA,NA,NA,NA,NA,NA,NA,NA,NA,NA,NA,NA,NA,NA,NA,NA,NA,NA,NA,"",NA,NA,NA,NA,NA,NA,NA,NA,NA,NA,NA,NA,NA,NA,NA,NA,NA,NA,NA,NA,NA,NA,NA,NA,NA,NA,NA,NA,NA,NA,NA,NA,NA,NA,NA,NA,NA,NA,NA,NA,NA,NA,NA,NA,NA,NA,NA,NA,NA,NA,NA,NA,NA,NA,NA,NA,NA,NA,NA,NA,NA,NA,NA,NA,NA,NA,NA,NA,NA,NA,NA,NA,NA,NA,NA,NA,NA,NA,"monoculture","monoA","Shockwave",160,"WI",NA,NA,NA,NA,NA,NA
"50",2024,"Z","Fall","WI",11,"Shockwave","IWG","Shockwave + IWG",205,"y","","y","y",40,"2","10-11-2024",100,122,0.000122,NA,4,NA,NA,NA,NA,"",88,0.088,721.3114754,NA,NA,NA,NA,NA,NA,NA,"",127,0.127,1040.983607,1762.295082,NA,NA,NA,NA,NA,NA,NA,NA,NA,NA,NA,NA,NA,NA,NA,NA,NA,NA,NA,NA,NA,NA,NA,NA,NA,NA,"",NA,NA,NA,NA,NA,NA,NA,NA,NA,NA,NA,NA,NA,NA,NA,NA,NA,NA,NA,NA,NA,NA,NA,NA,NA,NA,NA,NA,NA,NA,NA,NA,NA,NA,NA,NA,NA,NA,NA,NA,NA,NA,NA,NA,NA,NA,NA,NA,NA,NA,NA,NA,NA,NA,NA,NA,NA,NA,NA,NA,NA,NA,NA,NA,NA,NA,NA,NA,NA,NA,NA,NA,NA,NA,NA,NA,NA,NA,"intercrop","inter","Shockwave",40,"WI",NA,NA,NA,NA,NA,NA
"51",2024,"Z","Fall","WI",10,"Shockwave","IWG","Shockwave + IWG",206,"y","","y","y",0,"2","10-11-2024",100,122,0.000122,NA,4,NA,NA,NA,NA,"",78,0.078,639.3442623,NA,NA,NA,NA,NA,NA,NA,"",91,0.091,745.9016393,1385.245902,NA,NA,NA,NA,NA,NA,NA,NA,NA,NA,NA,NA,NA,NA,NA,NA,NA,NA,NA,NA,NA,NA,NA,NA,NA,NA,"",NA,NA,NA,NA,NA,NA,NA,NA,NA,NA,NA,NA,NA,NA,NA,NA,NA,NA,NA,NA,NA,NA,NA,NA,NA,NA,NA,NA,NA,NA,NA,NA,NA,NA,NA,NA,NA,NA,NA,NA,NA,NA,NA,NA,NA,NA,NA,NA,NA,NA,NA,NA,NA,NA,NA,NA,NA,NA,NA,NA,NA,NA,NA,NA,NA,NA,NA,NA,NA,NA,NA,NA,NA,NA,NA,NA,NA,NA,"intercrop","inter","Shockwave",0,"WI",NA,NA,NA,NA,NA,NA
"52",2024,"Z","Fall","WI",14,"Shockwave","IWG","Shockwave + IWG",207,"y","","y","y",160,"2","10-11-2024",100,122,0.000122,NA,4,NA,NA,NA,NA,"",103,0.103,844.2622951,NA,NA,NA,NA,NA,NA,NA,"",154,0.154,1262.295082,2106.557377,NA,NA,NA,NA,NA,NA,NA,NA,NA,NA,NA,NA,NA,NA,NA,NA,NA,NA,NA,NA,NA,NA,NA,NA,NA,NA,"",NA,NA,NA,NA,NA,NA,NA,NA,NA,NA,NA,NA,NA,NA,NA,NA,NA,NA,NA,NA,NA,NA,NA,NA,NA,NA,NA,NA,NA,NA,NA,NA,NA,NA,NA,NA,NA,NA,NA,NA,NA,NA,NA,NA,NA,NA,NA,NA,NA,NA,NA,NA,NA,NA,NA,NA,NA,NA,NA,NA,NA,NA,NA,NA,NA,NA,NA,NA,NA,NA,NA,NA,NA,NA,NA,NA,NA,NA,"intercrop","inter","Shockwave",160,"WI",NA,NA,NA,NA,NA,NA
"53",2024,"Z","Fall","WI",12,"Shockwave","IWG","Shockwave + IWG",210,"y","","y","y",80,"3","10-11-2024",100,122,0.000122,NA,4,NA,NA,NA,NA,"",89,0.089,729.5081967,NA,NA,NA,NA,NA,NA,NA,"",202,0.202,1655.737705,2385.245902,NA,NA,NA,NA,NA,NA,NA,NA,NA,NA,NA,NA,NA,NA,NA,NA,NA,NA,NA,NA,NA,NA,NA,NA,NA,NA,"",NA,NA,NA,NA,NA,NA,NA,NA,NA,NA,NA,NA,NA,NA,NA,NA,NA,NA,NA,NA,NA,NA,NA,NA,NA,NA,NA,NA,NA,NA,NA,NA,NA,NA,NA,NA,NA,NA,NA,NA,NA,NA,NA,NA,NA,NA,NA,NA,NA,NA,NA,NA,NA,NA,NA,NA,NA,NA,NA,NA,NA,NA,NA,NA,NA,NA,NA,NA,NA,NA,NA,NA,NA,NA,NA,NA,NA,NA,"intercrop","inter","Shockwave",80,"WI",NA,NA,NA,NA,NA,NA
"54",2024,"Z","Fall","WI",16,"Shockwave",NA,"Shockwave",212,"","y","","y",40,"3","10-11-2024",100,122,0.000122,NA,4,NA,NA,NA,NA,"",NA,0,0,NA,NA,NA,NA,NA,NA,NA,"",183,0.183,1500,1500,NA,NA,NA,NA,NA,NA,NA,NA,NA,NA,NA,NA,NA,NA,NA,NA,NA,NA,NA,NA,NA,NA,NA,NA,NA,NA,"",NA,NA,NA,NA,NA,NA,NA,NA,NA,NA,NA,NA,NA,NA,NA,NA,NA,NA,NA,NA,NA,NA,NA,NA,NA,NA,NA,NA,NA,NA,NA,NA,NA,NA,NA,NA,NA,NA,NA,NA,NA,NA,NA,NA,NA,NA,NA,NA,NA,NA,NA,NA,NA,NA,NA,NA,NA,NA,NA,NA,NA,NA,NA,NA,NA,NA,NA,NA,NA,NA,NA,NA,NA,NA,NA,NA,NA,NA,"monoculture","monoA","Shockwave",40,"WI",NA,NA,NA,NA,NA,NA
"55",2024,"Z","Fall","WI",19,"Shockwave",NA,"Shockwave",213,"","y","","y",160,"4","10-11-2024",100,122,0.000122,NA,4,NA,NA,NA,NA,"",NA,0,0,NA,NA,NA,NA,NA,NA,NA,"",150,0.15,1229.508197,1229.508197,NA,NA,NA,NA,NA,NA,NA,NA,NA,NA,NA,NA,NA,NA,NA,NA,NA,NA,NA,NA,NA,NA,NA,NA,NA,NA,"",NA,NA,NA,NA,NA,NA,NA,NA,NA,NA,NA,NA,NA,NA,NA,NA,NA,NA,NA,NA,NA,NA,NA,NA,NA,NA,NA,NA,NA,NA,NA,NA,NA,NA,NA,NA,NA,NA,NA,NA,NA,NA,NA,NA,NA,NA,NA,NA,NA,NA,NA,NA,NA,NA,NA,NA,NA,NA,NA,NA,NA,NA,NA,NA,NA,NA,NA,NA,NA,NA,NA,NA,NA,NA,NA,NA,NA,NA,"monoculture","monoA","Shockwave",160,"WI",NA,NA,NA,NA,NA,NA
"56",2024,"Z","Fall","WI",10,"Shockwave","IWG","Shockwave + IWG",214,"y","","y","",0,"4","10-11-2024",100,122,0.000122,NA,4,NA,NA,NA,NA,"",63,0.063,516.3934426,NA,NA,NA,NA,NA,NA,NA,"",191,0.191,1565.57377,2081.967213,NA,NA,NA,NA,NA,NA,NA,NA,NA,NA,NA,NA,NA,NA,NA,NA,NA,NA,NA,NA,NA,NA,NA,NA,NA,NA,"",NA,NA,NA,NA,NA,NA,NA,NA,NA,NA,NA,NA,NA,NA,NA,NA,NA,NA,NA,NA,NA,NA,NA,NA,NA,NA,NA,NA,NA,NA,NA,NA,NA,NA,NA,NA,NA,NA,NA,NA,NA,NA,NA,NA,NA,NA,NA,NA,NA,NA,NA,NA,NA,NA,NA,NA,NA,NA,NA,NA,NA,NA,NA,NA,NA,NA,NA,NA,NA,NA,NA,NA,NA,NA,NA,NA,NA,NA,"intercrop","inter","Shockwave",0,"WI",NA,NA,NA,NA,NA,NA
"57",2024,"Z","Fall","WI",18,"Shockwave",NA,"Shockwave",215,"","y","","y",120,"4","10-11-2024",100,122,0.000122,NA,4,NA,NA,NA,NA,"",NA,0,0,NA,NA,NA,NA,NA,NA,NA,"",232,0.232,1901.639344,1901.639344,NA,NA,NA,NA,NA,NA,NA,NA,NA,NA,NA,NA,NA,NA,NA,NA,NA,NA,NA,NA,NA,NA,NA,NA,NA,NA,"",NA,NA,NA,NA,NA,NA,NA,NA,NA,NA,NA,NA,NA,NA,NA,NA,NA,NA,NA,NA,NA,NA,NA,NA,NA,NA,NA,NA,NA,NA,NA,NA,NA,NA,NA,NA,NA,NA,NA,NA,NA,NA,NA,NA,NA,NA,NA,NA,NA,NA,NA,NA,NA,NA,NA,NA,NA,NA,NA,NA,NA,NA,NA,NA,NA,NA,NA,NA,NA,NA,NA,NA,NA,NA,NA,NA,NA,NA,"monoculture","monoA","Shockwave",120,"WI",NA,NA,NA,NA,NA,NA
"58",2024,"Z","Fall","WI",13,"Shockwave","IWG","Shockwave + IWG",303,"y","","y","y",120,"1","10-11-2024",100,122,0.000122,NA,4,NA,NA,NA,NA,"",81,0.081,663.9344262,NA,NA,NA,NA,NA,NA,NA,"",162,0.162,1327.868852,1991.803279,NA,NA,NA,NA,NA,NA,NA,NA,NA,NA,NA,NA,NA,NA,NA,NA,NA,NA,NA,NA,NA,NA,NA,NA,NA,NA,"",NA,NA,NA,NA,NA,NA,NA,NA,NA,NA,NA,NA,NA,NA,NA,NA,NA,NA,NA,NA,NA,NA,NA,NA,NA,NA,NA,NA,NA,NA,NA,NA,NA,NA,NA,NA,NA,NA,NA,NA,NA,NA,NA,NA,NA,NA,NA,NA,NA,NA,NA,NA,NA,NA,NA,NA,NA,NA,NA,NA,NA,NA,NA,NA,NA,NA,NA,NA,NA,NA,NA,NA,NA,NA,NA,NA,NA,NA,"intercrop","inter","Shockwave",120,"WI",NA,NA,NA,NA,NA,NA
"59",2024,"Z","Fall","WI",16,"Shockwave",NA,"Shockwave",308,"","y","","y",40,"2","10-11-2024",100,122,0.000122,NA,4,NA,NA,NA,NA,"",NA,0,0,NA,NA,NA,NA,NA,NA,NA,"",234,0.234,1918.032787,1918.032787,NA,NA,NA,NA,NA,NA,NA,NA,NA,NA,NA,NA,NA,NA,NA,NA,NA,NA,NA,NA,NA,NA,NA,NA,NA,NA,"",NA,NA,NA,NA,NA,NA,NA,NA,NA,NA,NA,NA,NA,NA,NA,NA,NA,NA,NA,NA,NA,NA,NA,NA,NA,NA,NA,NA,NA,NA,NA,NA,NA,NA,NA,NA,NA,NA,NA,NA,NA,NA,NA,NA,NA,NA,NA,NA,NA,NA,NA,NA,NA,NA,NA,NA,NA,NA,NA,NA,NA,NA,NA,NA,NA,NA,NA,NA,NA,NA,NA,NA,NA,NA,NA,NA,NA,NA,"monoculture","monoA","Shockwave",40,"WI",NA,NA,NA,NA,NA,NA
"60",2024,"Z","Fall","WI",10,"Shockwave","IWG","Shockwave + IWG",311,"y","","y","y",0,"3","10-11-2024",100,122,0.000122,NA,4,NA,NA,NA,NA,"",71,0.071,581.9672131,NA,NA,NA,NA,NA,NA,NA,"",179,0.179,1467.213115,2049.180328,NA,NA,NA,NA,NA,NA,NA,NA,NA,NA,NA,NA,NA,NA,NA,NA,NA,NA,NA,NA,NA,NA,NA,NA,NA,NA,"",NA,NA,NA,NA,NA,NA,NA,NA,NA,NA,NA,NA,NA,NA,NA,NA,NA,NA,NA,NA,NA,NA,NA,NA,NA,NA,NA,NA,NA,NA,NA,NA,NA,NA,NA,NA,NA,NA,NA,NA,NA,NA,NA,NA,NA,NA,NA,NA,NA,NA,NA,NA,NA,NA,NA,NA,NA,NA,NA,NA,NA,NA,NA,NA,NA,NA,NA,NA,NA,NA,NA,NA,NA,NA,NA,NA,NA,NA,"intercrop","inter","Shockwave",0,"WI",NA,NA,NA,NA,NA,NA
"61",2024,"Z","Fall","WI",15,"Shockwave",NA,"Shockwave",312,"","y","","y",0,"3","10-11-2024",100,122,0.000122,NA,4,NA,NA,NA,NA,"",NA,0,0,NA,NA,NA,NA,NA,NA,NA,"",118,0.118,967.2131148,967.2131148,NA,NA,NA,NA,NA,NA,NA,NA,NA,NA,NA,NA,NA,NA,NA,NA,NA,NA,NA,NA,NA,NA,NA,NA,NA,NA,"",NA,NA,NA,NA,NA,NA,NA,NA,NA,NA,NA,NA,NA,NA,NA,NA,NA,NA,NA,NA,NA,NA,NA,NA,NA,NA,NA,NA,NA,NA,NA,NA,NA,NA,NA,NA,NA,NA,NA,NA,NA,NA,NA,NA,NA,NA,NA,NA,NA,NA,NA,NA,NA,NA,NA,NA,NA,NA,NA,NA,NA,NA,NA,NA,NA,NA,NA,NA,NA,NA,NA,NA,NA,NA,NA,NA,NA,NA,"monoculture","monoA","Shockwave",0,"WI",NA,NA,NA,NA,NA,NA
"62",2024,"Z","Fall","WI",11,"Shockwave","IWG","Shockwave + IWG",314,"y","","y","y",40,"4","10-11-2024",100,122,0.000122,NA,4,NA,NA,NA,NA,"",129,0.129,1057.377049,NA,NA,NA,NA,NA,NA,NA,"",203,0.203,1663.934426,2721.311475,NA,NA,NA,NA,NA,NA,NA,NA,NA,NA,NA,NA,NA,NA,NA,NA,NA,NA,NA,NA,NA,NA,NA,NA,NA,NA,"",NA,NA,NA,NA,NA,NA,NA,NA,NA,NA,NA,NA,NA,NA,NA,NA,NA,NA,NA,NA,NA,NA,NA,NA,NA,NA,NA,NA,NA,NA,NA,NA,NA,NA,NA,NA,NA,NA,NA,NA,NA,NA,NA,NA,NA,NA,NA,NA,NA,NA,NA,NA,NA,NA,NA,NA,NA,NA,NA,NA,NA,NA,NA,NA,NA,NA,NA,NA,NA,NA,NA,NA,NA,NA,NA,NA,NA,NA,"intercrop","inter","Shockwave",40,"WI",NA,NA,NA,NA,NA,NA
"63",2024,"Z","Fall","WI",17,"Shockwave",NA,"Shockwave",401,"","y","","y",80,"1","10-11-2024",100,122,0.000122,NA,4,NA,NA,NA,NA,"",NA,0,0,NA,NA,NA,NA,NA,NA,NA,"",195,0.195,1598.360656,1598.360656,NA,NA,NA,NA,NA,NA,NA,NA,NA,NA,NA,NA,NA,NA,NA,NA,NA,NA,NA,NA,NA,NA,NA,NA,NA,NA,"",NA,NA,NA,NA,NA,NA,NA,NA,NA,NA,NA,NA,NA,NA,NA,NA,NA,NA,NA,NA,NA,NA,NA,NA,NA,NA,NA,NA,NA,NA,NA,NA,NA,NA,NA,NA,NA,NA,NA,NA,NA,NA,NA,NA,NA,NA,NA,NA,NA,NA,NA,NA,NA,NA,NA,NA,NA,NA,NA,NA,NA,NA,NA,NA,NA,NA,NA,NA,NA,NA,NA,NA,NA,NA,NA,NA,NA,NA,"monoculture","monoA","Shockwave",80,"WI",NA,NA,NA,NA,NA,NA
"64",2024,"Z","Fall","WI",11,"Shockwave","IWG","Shockwave + IWG",403,"y","","y","y",40,"1","10-11-2024",100,122,0.000122,NA,4,NA,NA,NA,NA,"",93,0.093,762.295082,NA,NA,NA,NA,NA,NA,NA,"",146,0.146,1196.721311,1959.016393,NA,NA,NA,NA,NA,NA,NA,NA,NA,NA,NA,NA,NA,NA,NA,NA,NA,NA,NA,NA,NA,NA,NA,NA,NA,NA,"",NA,NA,NA,NA,NA,NA,NA,NA,NA,NA,NA,NA,NA,NA,NA,NA,NA,NA,NA,NA,NA,NA,NA,NA,NA,NA,NA,NA,NA,NA,NA,NA,NA,NA,NA,NA,NA,NA,NA,NA,NA,NA,NA,NA,NA,NA,NA,NA,NA,NA,NA,NA,NA,NA,NA,NA,NA,NA,NA,NA,NA,NA,NA,NA,NA,NA,NA,NA,NA,NA,NA,NA,NA,NA,NA,NA,NA,NA,"intercrop","inter","Shockwave",40,"WI",NA,NA,NA,NA,NA,NA
"65",2024,"Z","Fall","WI",18,"Shockwave",NA,"Shockwave",405,"","y","","y",120,"2","10-11-2024",100,122,0.000122,NA,4,NA,NA,NA,NA,"",NA,0,0,NA,NA,NA,NA,NA,NA,NA,"",136,0.136,1114.754098,1114.754098,NA,NA,NA,NA,NA,NA,NA,NA,NA,NA,NA,NA,NA,NA,NA,NA,NA,NA,NA,NA,NA,NA,NA,NA,NA,NA,"",NA,NA,NA,NA,NA,NA,NA,NA,NA,NA,NA,NA,NA,NA,NA,NA,NA,NA,NA,NA,NA,NA,NA,NA,NA,NA,NA,NA,NA,NA,NA,NA,NA,NA,NA,NA,NA,NA,NA,NA,NA,NA,NA,NA,NA,NA,NA,NA,NA,NA,NA,NA,NA,NA,NA,NA,NA,NA,NA,NA,NA,NA,NA,NA,NA,NA,NA,NA,NA,NA,NA,NA,NA,NA,NA,NA,NA,NA,"monoculture","monoA","Shockwave",120,"WI",NA,NA,NA,NA,NA,NA
"66",2024,"Z","Fall","WI",13,"Shockwave","IWG","Shockwave + IWG",410,"y","","y","y",120,"3","10-11-2024",100,122,0.000122,NA,4,NA,NA,NA,NA,"",117,0.117,959.0163934,NA,NA,NA,NA,NA,NA,NA,"",102,0.102,836.0655738,1795.081967,NA,NA,NA,NA,NA,NA,NA,NA,NA,NA,NA,NA,NA,NA,NA,NA,NA,NA,NA,NA,NA,NA,NA,NA,NA,NA,"",NA,NA,NA,NA,NA,NA,NA,NA,NA,NA,NA,NA,NA,NA,NA,NA,NA,NA,NA,NA,NA,NA,NA,NA,NA,NA,NA,NA,NA,NA,NA,NA,NA,NA,NA,NA,NA,NA,NA,NA,NA,NA,NA,NA,NA,NA,NA,NA,NA,NA,NA,NA,NA,NA,NA,NA,NA,NA,NA,NA,NA,NA,NA,NA,NA,NA,NA,NA,NA,NA,NA,NA,NA,NA,NA,NA,NA,NA,"intercrop","inter","Shockwave",120,"WI",NA,NA,NA,NA,NA,NA
"67",2024,"Z","Fall","WI",18,"Shockwave",NA,"Shockwave",411,"","y","","y",120,"3","10-11-2024",100,122,0.000122,NA,4,NA,NA,NA,NA,"",NA,0,0,NA,NA,NA,NA,NA,NA,NA,"",87,0.087,713.1147541,713.1147541,NA,NA,NA,NA,NA,NA,NA,NA,NA,NA,NA,NA,NA,NA,NA,NA,NA,NA,NA,NA,NA,NA,NA,NA,NA,NA,"",NA,NA,NA,NA,NA,NA,NA,NA,NA,NA,NA,NA,NA,NA,NA,NA,NA,NA,NA,NA,NA,NA,NA,NA,NA,NA,NA,NA,NA,NA,NA,NA,NA,NA,NA,NA,NA,NA,NA,NA,NA,NA,NA,NA,NA,NA,NA,NA,NA,NA,NA,NA,NA,NA,NA,NA,NA,NA,NA,NA,NA,NA,NA,NA,NA,NA,NA,NA,NA,NA,NA,NA,NA,NA,NA,NA,NA,NA,"monoculture","monoA","Shockwave",120,"WI",NA,NA,NA,NA,NA,NA
"68",2024,"Z","Fall","WI",17,"Shockwave",NA,"Shockwave",415,"","y","","y",80,"4","10-11-2024",100,122,0.000122,NA,4,NA,NA,NA,NA,"",NA,0,0,NA,NA,NA,NA,NA,NA,NA,"",153,0.153,1254.098361,1254.098361,NA,NA,NA,NA,NA,NA,NA,NA,NA,NA,NA,NA,NA,NA,NA,NA,NA,NA,NA,NA,NA,NA,NA,NA,NA,NA,"",NA,NA,NA,NA,NA,NA,NA,NA,NA,NA,NA,NA,NA,NA,NA,NA,NA,NA,NA,NA,NA,NA,NA,NA,NA,NA,NA,NA,NA,NA,NA,NA,NA,NA,NA,NA,NA,NA,NA,NA,NA,NA,NA,NA,NA,NA,NA,NA,NA,NA,NA,NA,NA,NA,NA,NA,NA,NA,NA,NA,NA,NA,NA,NA,NA,NA,NA,NA,NA,NA,NA,NA,NA,NA,NA,NA,NA,NA,"monoculture","monoA","Shockwave",80,"WI",NA,NA,NA,NA,NA,NA
"69",2024,"Z","Fall","WI",15,"Shockwave",NA,"Shockwave",416,"","y","","y",0,"4","10-11-2024",100,122,0.000122,NA,4,NA,NA,NA,NA,"",NA,0,0,NA,NA,NA,NA,NA,NA,NA,"",175,0.175,1434.42623,1434.42623,NA,NA,NA,NA,NA,NA,NA,NA,NA,NA,NA,NA,NA,NA,NA,NA,NA,NA,NA,NA,NA,NA,NA,NA,NA,NA,"",NA,NA,NA,NA,NA,NA,NA,NA,NA,NA,NA,NA,NA,NA,NA,NA,NA,NA,NA,NA,NA,NA,NA,NA,NA,NA,NA,NA,NA,NA,NA,NA,NA,NA,NA,NA,NA,NA,NA,NA,NA,NA,NA,NA,NA,NA,NA,NA,NA,NA,NA,NA,NA,NA,NA,NA,NA,NA,NA,NA,NA,NA,NA,NA,NA,NA,NA,NA,NA,NA,NA,NA,NA,NA,NA,NA,NA,NA,"monoculture","monoA","Shockwave",0,"WI",NA,NA,NA,NA,NA,NA
"70",2024,"Z","Fall","WI",10,"Shockwave","IWG","Shockwave + IWG",502,"y","","y","y",0,"1","10-11-2024",100,122,0.000122,NA,4,NA,NA,NA,NA,"",45,0.045,368.852459,NA,NA,NA,NA,NA,NA,NA,"",153,0.153,1254.098361,1622.95082,NA,NA,NA,NA,NA,NA,NA,NA,NA,NA,NA,NA,NA,NA,NA,NA,NA,NA,NA,NA,NA,NA,NA,NA,NA,NA,"",NA,NA,NA,NA,NA,NA,NA,NA,NA,NA,NA,NA,NA,NA,NA,NA,NA,NA,NA,NA,NA,NA,NA,NA,NA,NA,NA,NA,NA,NA,NA,NA,NA,NA,NA,NA,NA,NA,NA,NA,NA,NA,NA,NA,NA,NA,NA,NA,NA,NA,NA,NA,NA,NA,NA,NA,NA,NA,NA,NA,NA,NA,NA,NA,NA,NA,NA,NA,NA,NA,NA,NA,NA,NA,NA,NA,NA,NA,"intercrop","inter","Shockwave",0,"WI",NA,NA,NA,NA,NA,NA
"71",2024,"Z","Fall","WI",16,"Shockwave",NA,"Shockwave",503,"","y","","y",40,"1","10-11-2024",100,122,0.000122,NA,4,NA,NA,NA,NA,"",NA,0,0,NA,NA,NA,NA,NA,NA,NA,"",125,0.125,1024.590164,1024.590164,NA,NA,NA,NA,NA,NA,NA,NA,NA,NA,NA,NA,NA,NA,NA,NA,NA,NA,NA,NA,NA,NA,NA,NA,NA,NA,"",NA,NA,NA,NA,NA,NA,NA,NA,NA,NA,NA,NA,NA,NA,NA,NA,NA,NA,NA,NA,NA,NA,NA,NA,NA,NA,NA,NA,NA,NA,NA,NA,NA,NA,NA,NA,NA,NA,NA,NA,NA,NA,NA,NA,NA,NA,NA,NA,NA,NA,NA,NA,NA,NA,NA,NA,NA,NA,NA,NA,NA,NA,NA,NA,NA,NA,NA,NA,NA,NA,NA,NA,NA,NA,NA,NA,NA,NA,"monoculture","monoA","Shockwave",40,"WI",NA,NA,NA,NA,NA,NA
"72",2024,"Z","Fall","WI",15,"Shockwave",NA,"Shockwave",505,"","y","","y",0,"2","10-11-2024",100,122,0.000122,NA,4,NA,NA,NA,NA,"",NA,0,0,NA,NA,NA,NA,NA,NA,NA,"",122,0.122,1000,1000,NA,NA,NA,NA,NA,NA,NA,NA,NA,NA,NA,NA,NA,NA,NA,NA,NA,NA,NA,NA,NA,NA,NA,NA,NA,NA,"",NA,NA,NA,NA,NA,NA,NA,NA,NA,NA,NA,NA,NA,NA,NA,NA,NA,NA,NA,NA,NA,NA,NA,NA,NA,NA,NA,NA,NA,NA,NA,NA,NA,NA,NA,NA,NA,NA,NA,NA,NA,NA,NA,NA,NA,NA,NA,NA,NA,NA,NA,NA,NA,NA,NA,NA,NA,NA,NA,NA,NA,NA,NA,NA,NA,NA,NA,NA,NA,NA,NA,NA,NA,NA,NA,NA,NA,NA,"monoculture","monoA","Shockwave",0,"WI",NA,NA,NA,NA,NA,NA
"73",2024,"Z","Fall","WI",12,"Shockwave","IWG","Shockwave + IWG",507,"y","","y","y",80,"2","10-11-2024",100,122,0.000122,NA,4,NA,NA,NA,NA,"",90,0.09,737.704918,NA,NA,NA,NA,NA,NA,NA,"",100,0.1,819.6721311,1557.377049,NA,NA,NA,NA,NA,NA,NA,NA,NA,NA,NA,NA,NA,NA,NA,NA,NA,NA,NA,NA,NA,NA,NA,NA,NA,NA,"",NA,NA,NA,NA,NA,NA,NA,NA,NA,NA,NA,NA,NA,NA,NA,NA,NA,NA,NA,NA,NA,NA,NA,NA,NA,NA,NA,NA,NA,NA,NA,NA,NA,NA,NA,NA,NA,NA,NA,NA,NA,NA,NA,NA,NA,NA,NA,NA,NA,NA,NA,NA,NA,NA,NA,NA,NA,NA,NA,NA,NA,NA,NA,NA,NA,NA,NA,NA,NA,NA,NA,NA,NA,NA,NA,NA,NA,NA,"intercrop","inter","Shockwave",80,"WI",NA,NA,NA,NA,NA,NA
"74",2024,"Z","Fall","WI",17,"Shockwave",NA,"Shockwave",508,"","y","","y",80,"2","10-11-2024",100,122,0.000122,NA,4,NA,NA,NA,NA,"",NA,0,0,NA,NA,NA,NA,NA,NA,NA,"",93,0.093,762.295082,762.295082,NA,NA,NA,NA,NA,NA,NA,NA,NA,NA,NA,NA,NA,NA,NA,NA,NA,NA,NA,NA,NA,NA,NA,NA,NA,NA,"",NA,NA,NA,NA,NA,NA,NA,NA,NA,NA,NA,NA,NA,NA,NA,NA,NA,NA,NA,NA,NA,NA,NA,NA,NA,NA,NA,NA,NA,NA,NA,NA,NA,NA,NA,NA,NA,NA,NA,NA,NA,NA,NA,NA,NA,NA,NA,NA,NA,NA,NA,NA,NA,NA,NA,NA,NA,NA,NA,NA,NA,NA,NA,NA,NA,NA,NA,NA,NA,NA,NA,NA,NA,NA,NA,NA,NA,NA,"monoculture","monoA","Shockwave",80,"WI",NA,NA,NA,NA,NA,NA
"75",2024,"Z","Fall","WI",19,"Shockwave",NA,"Shockwave",511,"","y","","y",160,"3","10-11-2024",100,122,0.000122,NA,4,NA,NA,NA,NA,"",NA,0,0,NA,NA,NA,NA,NA,NA,NA,"",110,0.11,901.6393443,901.6393443,NA,NA,NA,NA,NA,NA,NA,NA,NA,NA,NA,NA,NA,NA,NA,NA,NA,NA,NA,NA,NA,NA,NA,NA,NA,NA,"",NA,NA,NA,NA,NA,NA,NA,NA,NA,NA,NA,NA,NA,NA,NA,NA,NA,NA,NA,NA,NA,NA,NA,NA,NA,NA,NA,NA,NA,NA,NA,NA,NA,NA,NA,NA,NA,NA,NA,NA,NA,NA,NA,NA,NA,NA,NA,NA,NA,NA,NA,NA,NA,NA,NA,NA,NA,NA,NA,NA,NA,NA,NA,NA,NA,NA,NA,NA,NA,NA,NA,NA,NA,NA,NA,NA,NA,NA,"monoculture","monoA","Shockwave",160,"WI",NA,NA,NA,NA,NA,NA
"76",2024,"Z","Fall","WI",13,"Shockwave","IWG","Shockwave + IWG",514,"y","","y","y",120,"4","10-11-2024",100,122,0.000122,NA,4,NA,NA,NA,NA,"",106,0.106,868.852459,NA,NA,NA,NA,NA,NA,NA,"",165,0.165,1352.459016,2221.311475,NA,NA,NA,NA,NA,NA,NA,NA,NA,NA,NA,NA,NA,NA,NA,NA,NA,NA,NA,NA,NA,NA,NA,NA,NA,NA,"",NA,NA,NA,NA,NA,NA,NA,NA,NA,NA,NA,NA,NA,NA,NA,NA,NA,NA,NA,NA,NA,NA,NA,NA,NA,NA,NA,NA,NA,NA,NA,NA,NA,NA,NA,NA,NA,NA,NA,NA,NA,NA,NA,NA,NA,NA,NA,NA,NA,NA,NA,NA,NA,NA,NA,NA,NA,NA,NA,NA,NA,NA,NA,NA,NA,NA,NA,NA,NA,NA,NA,NA,NA,NA,NA,NA,NA,NA,"intercrop","inter","Shockwave",120,"WI",NA,NA,NA,NA,NA,NA
"77",2024,"Z","Fall","WI",18,"Shockwave",NA,"Shockwave",601,"","y","","y",120,"1","10-11-2024",100,122,0.000122,NA,4,NA,NA,NA,NA,"",NA,0,0,NA,NA,NA,NA,NA,NA,NA,"",133,0.133,1090.163934,1090.163934,NA,NA,NA,NA,NA,NA,NA,NA,NA,NA,NA,NA,NA,NA,NA,NA,NA,NA,NA,NA,NA,NA,NA,NA,NA,NA,"",NA,NA,NA,NA,NA,NA,NA,NA,NA,NA,NA,NA,NA,NA,NA,NA,NA,NA,NA,NA,NA,NA,NA,NA,NA,NA,NA,NA,NA,NA,NA,NA,NA,NA,NA,NA,NA,NA,NA,NA,NA,NA,NA,NA,NA,NA,NA,NA,NA,NA,NA,NA,NA,NA,NA,NA,NA,NA,NA,NA,NA,NA,NA,NA,NA,NA,NA,NA,NA,NA,NA,NA,NA,NA,NA,NA,NA,NA,"monoculture","monoA","Shockwave",120,"WI",NA,NA,NA,NA,NA,NA
"78",2024,"Z","Fall","WI",12,"Shockwave","IWG","Shockwave + IWG",603,"y","","y","y",80,"1","10-11-2024",100,122,0.000122,NA,4,NA,NA,NA,NA,"",78,0.078,639.3442623,NA,NA,NA,NA,NA,NA,NA,"",106,0.106,868.852459,1508.196721,NA,NA,NA,NA,NA,NA,NA,NA,NA,NA,NA,NA,NA,NA,NA,NA,NA,NA,NA,NA,NA,NA,NA,NA,NA,NA,"",NA,NA,NA,NA,NA,NA,NA,NA,NA,NA,NA,NA,NA,NA,NA,NA,NA,NA,NA,NA,NA,NA,NA,NA,NA,NA,NA,NA,NA,NA,NA,NA,NA,NA,NA,NA,NA,NA,NA,NA,NA,NA,NA,NA,NA,NA,NA,NA,NA,NA,NA,NA,NA,NA,NA,NA,NA,NA,NA,NA,NA,NA,NA,NA,NA,NA,NA,NA,NA,NA,NA,NA,NA,NA,NA,NA,NA,NA,"intercrop","inter","Shockwave",80,"WI",NA,NA,NA,NA,NA,NA
"79",2024,"Z","Fall","WI",11,"Shockwave","IWG","Shockwave + IWG",610,"y","","y","y",40,"3","10-11-2024",100,122,0.000122,NA,4,NA,NA,NA,NA,"",65,0.065,532.7868852,NA,NA,NA,NA,NA,NA,NA,"",92,0.092,754.0983607,1286.885246,NA,NA,NA,NA,NA,NA,NA,NA,NA,NA,NA,NA,NA,NA,NA,NA,NA,NA,NA,NA,NA,NA,NA,NA,NA,NA,"",NA,NA,NA,NA,NA,NA,NA,NA,NA,NA,NA,NA,NA,NA,NA,NA,NA,NA,NA,NA,NA,NA,NA,NA,NA,NA,NA,NA,NA,NA,NA,NA,NA,NA,NA,NA,NA,NA,NA,NA,NA,NA,NA,NA,NA,NA,NA,NA,NA,NA,NA,NA,NA,NA,NA,NA,NA,NA,NA,NA,NA,NA,NA,NA,NA,NA,NA,NA,NA,NA,NA,NA,NA,NA,NA,NA,NA,NA,"intercrop","inter","Shockwave",40,"WI",NA,NA,NA,NA,NA,NA
"80",2024,"Z","Fall","WI",14,"Shockwave","IWG","Shockwave + IWG",613,"y","","y","y",160,"4","10-11-2024",100,122,0.000122,NA,4,NA,NA,NA,NA,"",75,0.075,614.7540984,NA,NA,NA,NA,NA,NA,NA,"",109,0.109,893.442623,1508.196721,NA,NA,NA,NA,NA,NA,NA,NA,NA,NA,NA,NA,NA,NA,NA,NA,NA,NA,NA,NA,NA,NA,NA,NA,NA,NA,"",NA,NA,NA,NA,NA,NA,NA,NA,NA,NA,NA,NA,NA,NA,NA,NA,NA,NA,NA,NA,NA,NA,NA,NA,NA,NA,NA,NA,NA,NA,NA,NA,NA,NA,NA,NA,NA,NA,NA,NA,NA,NA,NA,NA,NA,NA,NA,NA,NA,NA,NA,NA,NA,NA,NA,NA,NA,NA,NA,NA,NA,NA,NA,NA,NA,NA,NA,NA,NA,NA,NA,NA,NA,NA,NA,NA,NA,NA,"intercrop","inter","Shockwave",160,"WI",NA,NA,NA,NA,NA,NA
